"Horodateur","Âge","Sexe","Pays de résidence","Quelle est votre occupation principale ?","Utilisez-vous régulièrement les réseaux sociaux ?","Quelles plateformes utilisez-vous le plus ? (Plusieurs choix sont possibles)","Parmi les maladies suivantes, lesquelles connaissez-vous le mieux ?   (Plusieurs choix sont possibles)","Selon vous, quel est le principal obstacle qui empêche les jeunes de prendre soin de leur santé ?   (Plusieurs choix sont possibles)","Seriez-vous intéressé(e) à recevoir régulièrement des contenus de sensibilisation (vidéos, infographies, quiz) via les réseaux sociaux ?","Quels formats préférez-vous pour apprendre sur la santé ?   (Plusieurs choix sont possibles)","Quels thèmes de santé vous intéressent le plus ?","Accepteriez-vous de participer activement (partager, commenter, répondre aux quiz) pour encourager d’autres jeunes à adopter de bonnes pratiques de santé ?","Selon vous, quelle est la meilleure manière de sensibiliser les jeunes à la santé via les réseaux sociaux ?"
"2025/10/02 6:03:25 PM UTC+1","35 ans et plus","Féminin","Bénin","Travailleur indépendant / Entrepreneur","Rarement","YouTube;WhatsApp;Autres","VIH/Sida;Tuberculose;Paludisme;Hypertension","Manque d’information","Oui, très intéressé(e)","Vidéos courtes;Infographies / images;Podcasts","Prévention des IST/VIH;Hypertension et maladies métaboliques;Santé sexuelle et reproductive;Hygiène et prévention des infections","Oui",""
"2025/10/02 6:38:48 PM UTC+1","25 – 34 ans","Féminin","Cameroun","Élève / Étudiant","Oui, tous les jours","Facebook;YouTube;WhatsApp;Autres","VIH/Sida;Tuberculose;Paludisme;Hépatites virales (B, C);COVID-19;Hypertension;Diabète;Obésité;Cancers;","Manque d’information;Désintérêt / manque de motivation;Coût élevé des soins;Difficulté d’accès aux services de santé","Oui, très intéressé(e)","Vidéos courtes;Infographies / images;Quiz interactifs / sondages","Addictions (alcool, tabac, drogues, réseaux sociaux);Santé sexuelle et reproductive;Hygiène et prévention des infections","Oui",""
"2025/10/02 6:50:29 PM UTC+1","35 ans et plus","Masculin","Bénin","Travailleur salarié","Oui, tous les jours","YouTube;WhatsApp","VIH/Sida;Paludisme;COVID-19","Manque d’information;Désintérêt / manque de motivation;Coût élevé des soins;Difficulté d’accès aux services de santé","Oui, un peu intéressé(e)","Vidéos courtes;Infographies / images;Podcasts","Alimentation et sport;Santé sexuelle et reproductive;Hygiène et prévention des infections","Peut-être","Via les influenceurs"
"2025/10/02 6:51:03 PM UTC+1","18 – 24 ans","Masculin","Bénin","Travailleur salarié","Oui, tous les jours","Facebook;TikTok;YouTube;WhatsApp;Autres","VIH/Sida;Tuberculose;Paludisme;Hépatites virales (B, C);COVID-19;Hypertension;Diabète;Obésité;Cancers","Manque d’information;Coût élevé des soins;Difficulté d’accès aux services de santé","Oui, très intéressé(e)","Vidéos courtes;Infographies / images;Quiz interactifs / sondages;Articles longs;Podcasts","Alimentation et sport;Prévention des IST/VIH;Hypertension et maladies métaboliques;Santé sexuelle et reproductive","Oui","Communiquer, informer, éduquer sur les bons comportements pour conserver une bonne santé "
"2025/10/02 6:53:04 PM UTC+1","18 – 24 ans","Féminin","Bénin","Élève / Étudiant","Oui, tous les jours","YouTube;WhatsApp;Autres","VIH/Sida;Paludisme;COVID-19;Diabète;Obésité;Cancers","Manque d’information;Désintérêt / manque de motivation","Oui, très intéressé(e)","Vidéos courtes;Infographies / images;Quiz interactifs / sondages;Articles longs;Podcasts","Alimentation et sport;Prévention des IST/VIH;Hypertension et maladies métaboliques;Addictions (alcool, tabac, drogues, réseaux sociaux);Santé sexuelle et reproductive;Hygiène et prévention des infections;Alimentation et problèmes de la peau comme l'acné ","Oui","Des petits messages de sensibilisation ou d'information journalier au début de la journée pour capter plus l'attention. Des lives ou podcast par semaine ou par mois pour faire un engagement à la cause."
"2025/10/02 7:03:48 PM UTC+1","25 – 34 ans","Masculin","Bénin","Travailleur indépendant / Entrepreneur","Oui, tous les jours","Facebook;WhatsApp","VIH/Sida;Paludisme;Hépatites virales (B, C);Hypertension;Diabète;Obésité;Cancers","Manque d’information;Difficulté d’accès aux services de santé","Oui, très intéressé(e)","Vidéos courtes;Quiz interactifs / sondages","Prévention des IST/VIH;Santé sexuelle et reproductive;Hygiène et prévention des infections","Oui","Vidéo courte"
"2025/10/02 8:31:44 PM UTC+1","25 – 34 ans","Féminin","Bénin","Travailleur indépendant / Entrepreneur","Oui, tous les jours","Facebook;TikTok;YouTube;WhatsApp;Autres","VIH/Sida;Tuberculose;Paludisme;Hépatites virales (B, C);COVID-19;Hypertension;Diabète;Obésité;Cancers","Manque d’information;Coût élevé des soins;Difficulté d’accès aux services de santé","Oui, très intéressé(e)","Infographies / images","Alimentation et sport;Addictions (alcool, tabac, drogues, réseaux sociaux)","Oui","Le cerveau humain capte vite le visible. Donc je propose tout ce qui est visuel. 
Ou/et des histoires en séquence ou/et des témoignages d'autres jeunes "
"2025/10/02 10:12:58 PM UTC+1","25 – 34 ans","Masculin","Bénin","Travailleur salarié","Oui, tous les jours","TikTok;WhatsApp;Autres","VIH/Sida;Tuberculose;Paludisme","Manque d’information;Désintérêt / manque de motivation","Oui, très intéressé(e)","Vidéos courtes;Quiz interactifs / sondages","Alimentation et sport;Addictions (alcool, tabac, drogues, réseaux sociaux);Santé sexuelle et reproductive","Oui","Les intéresser à la chose. Innover dans l’approche de diffusion des messages, où ils se sentiraient partie prenante plutôt que receveur passif"
"2025/10/02 10:17:04 PM UTC+1","25 – 34 ans","Masculin","Bénin","Travailleur indépendant / Entrepreneur","Oui, tous les jours","Facebook;TikTok;YouTube;WhatsApp","VIH/Sida;Paludisme;Hépatites virales (B, C);COVID-19","Manque d’information;Désintérêt / manque de motivation","Oui, un peu intéressé(e)","Vidéos courtes;Quiz interactifs / sondages","Alimentation et sport;Prévention des IST/VIH;Hypertension et maladies métaboliques;Santé sexuelle et reproductive;Hygiène et prévention des infections","Oui",""
"2025/10/02 10:37:30 PM UTC+1","25 – 34 ans","Masculin","Bénin","Travailleur indépendant / Entrepreneur","Oui, tous les jours","Facebook;WhatsApp","Paludisme","Manque d’information;Coût élevé des soins;Difficulté d’accès aux services de santé","Oui, très intéressé(e)","Vidéos courtes;Infographies / images;Quiz interactifs / sondages","Alimentation et sport;Addictions (alcool, tabac, drogues, réseaux sociaux);Santé sexuelle et reproductive","Peut-être",""
"2025/10/02 11:01:48 PM UTC+1","18 – 24 ans","Féminin","Bénin","Travailleur indépendant / Entrepreneur","Oui, tous les jours","YouTube;WhatsApp;Autres","VIH/Sida;Paludisme;COVID-19;Hypertension;Diabète;Obésité;Cancers;Aucune","Manque d’information;Désintérêt / manque de motivation;Coût élevé des soins;Difficulté d’accès aux services de santé","Oui, un peu intéressé(e)","Vidéos courtes;Podcasts","Alimentation et sport;Prévention des IST/VIH;Hypertension et maladies métaboliques;Santé sexuelle et reproductive;Hygiène et prévention des infections","Peut-être","Rendre ça fun et faire qu'il s'y intéresse vraiment"
"2025/10/02 11:02:42 PM UTC+1","25 – 34 ans","Masculin","Bénin","Travailleur salarié","Oui, tous les jours","Facebook;Instagram;TikTok;WhatsApp","VIH/Sida;Paludisme;Hépatites virales (B, C);COVID-19;Hypertension;Diabète;Obésité;Cancers","Manque d’information;Coût élevé des soins;Difficulté d’accès aux services de santé","Oui, très intéressé(e)","Vidéos courtes;Infographies / images;Quiz interactifs / sondages","Alimentation et sport;Prévention des IST/VIH;Hypertension et maladies métaboliques;Addictions (alcool, tabac, drogues, réseaux sociaux);Santé sexuelle et reproductive;Hygiène et prévention des infections","Oui",""
"2025/10/02 11:16:15 PM UTC+1","35 ans et plus","Masculin","Bénin","Travailleur salarié","Oui, tous les jours","Instagram;TikTok;YouTube;WhatsApp","VIH/Sida;Tuberculose;Paludisme","Désintérêt / manque de motivation","Oui, un peu intéressé(e)","Vidéos courtes;Infographies / images;Articles longs","Alimentation et sport;Santé sexuelle et reproductive","Peut-être","En parlant des dangers qu'ils courrent en prenant tel ou tel risque "
"2025/10/03 7:56:18 AM UTC+1","25 – 34 ans","Masculin","Bénin","Travailleur salarié","Oui, tous les jours","Facebook;TikTok;YouTube;WhatsApp","VIH/Sida;Tuberculose;Paludisme;COVID-19;Diabète;Cancers","Manque d’information;Désintérêt / manque de motivation;Coût élevé des soins","Oui, très intéressé(e)","Vidéos courtes;Infographies / images;Podcasts","Alimentation et sport;Prévention des IST/VIH;Hypertension et maladies métaboliques;Addictions (alcool, tabac, drogues, réseaux sociaux);Santé sexuelle et reproductive;Hygiène et prévention des infections","Oui",""
"2025/10/03 8:01:11 AM UTC+1","25 – 34 ans","Masculin","Bénin","Travailleur indépendant / Entrepreneur","Oui, tous les jours","Facebook;TikTok;WhatsApp","Paludisme;Hépatites virales (B, C);COVID-19;Hypertension;Diabète;Cancers","Manque d’information;Désintérêt / manque de motivation","Oui, très intéressé(e)","Vidéos courtes;Infographies / images;Quiz interactifs / sondages","Alimentation et sport;Prévention des IST/VIH;Addictions (alcool, tabac, drogues, réseaux sociaux);Santé sexuelle et reproductive;Hygiène et prévention des infections","Oui","Trouver un centre d’intérêt qui attire beaucoup l’attention et y mettre les sensibilisations autour ou au milieu… Ou encore rendre un peu plus soft les communications en mettant une accroche drôle qui capte l’attention, mais qui reste interessante… surtout pas de message TROP LONG ou de vidéos trop longue "
"2025/10/03 12:23:29 PM UTC+1","25 – 34 ans","Masculin","Bénin","Sans emploi / en recherche d’emploi","Oui, tous les jours","Facebook;YouTube;WhatsApp","VIH/Sida;Tuberculose;Paludisme;Hépatites virales (B, C);COVID-19;Hypertension;Diabète;Obésité;Cancers;Coqueluche, ver de Guinée, paralysie flasque aiguë, fière jaune, fièvre hémorragie ","Manque d’information;Coût élevé des soins;Difficulté d’accès aux services de santé","Oui, très intéressé(e)","Vidéos courtes;Infographies / images;Quiz interactifs / sondages;Articles longs;Podcasts","Santé sexuelle et reproductive;Hygiène et prévention des infections","Oui",""
"2025/10/03 1:58:28 PM UTC+1","25 – 34 ans","Féminin","Bénin","Travailleur salarié","Oui, tous les jours","Facebook;Instagram;TikTok;YouTube;WhatsApp","Paludisme;Hypertension","Désintérêt / manque de motivation;Coût élevé des soins","Oui, très intéressé(e)","Vidéos courtes;Quiz interactifs / sondages;Podcasts","Alimentation et sport;Hypertension et maladies métaboliques;Santé sexuelle et reproductive;Hygiène et prévention des infections","Oui","Des vidéos ou images. Des affiches "
"2025/10/03 6:39:37 PM UTC+1","25 – 34 ans","Masculin","Bénin","Travailleur salarié","Oui, tous les jours","Facebook;TikTok;WhatsApp","VIH/Sida;Tuberculose;Paludisme;Hépatites virales (B, C);COVID-19;Hypertension;Diabète;Obésité;Cancers","Manque d’information;Coût élevé des soins;Difficulté d’accès aux services de santé","Oui, très intéressé(e)","Vidéos courtes;Infographies / images","Alimentation et sport;Prévention des IST/VIH;Hypertension et maladies métaboliques;Addictions (alcool, tabac, drogues, réseaux sociaux);Santé sexuelle et reproductive;Hygiène et prévention des infections","Oui",""
"2025/10/03 6:42:51 PM UTC+1","25 – 34 ans","Féminin","Bénin","Travailleur salarié","Oui, plusieurs fois par semaine","Instagram;TikTok;YouTube;WhatsApp;Autres","VIH/Sida;Paludisme;Hypertension;Diabète","Manque d’information;Désintérêt / manque de motivation;Coût élevé des soins","Oui, très intéressé(e)","Infographies / images;Quiz interactifs / sondages","Alimentation et sport;Prévention des IST/VIH;Hypertension et maladies métaboliques;Addictions (alcool, tabac, drogues, réseaux sociaux);Santé sexuelle et reproductive;Hygiène et prévention des infections","Peut-être","La meilleure manière est soit par infographie soit par vidéos très courte, genre 2 à 3 mon. "
"2025/10/03 6:44:48 PM UTC+1","25 – 34 ans","Féminin","Bénin","Travailleur salarié","Oui, tous les jours","Facebook;TikTok;WhatsApp","VIH/Sida;Paludisme;Hypertension;Diabète;Cancers","Manque d’information;Coût élevé des soins;Difficulté d’accès aux services de santé","Oui, très intéressé(e)","Vidéos courtes;Quiz interactifs / sondages;Podcasts","Alimentation et sport;Prévention des IST/VIH;Hypertension et maladies métaboliques;Santé sexuelle et reproductive;Hygiène et prévention des infections","Oui","Publications "
"2025/10/03 6:51:51 PM UTC+1","25 – 34 ans","Masculin","Niger","Travailleur indépendant / Entrepreneur","Oui, tous les jours","WhatsApp","VIH/Sida;Paludisme;Hépatites virales (B, C);COVID-19","Manque d’information;Coût élevé des soins;Difficulté d’accès aux services de santé","Oui, très intéressé(e)","Vidéos courtes;Infographies / images","Alimentation et sport;Santé sexuelle et reproductive","Oui","Promettre une récompense ou des likes"
"2025/10/03 6:55:35 PM UTC+1","25 – 34 ans","Masculin","Niger","Travailleur indépendant / Entrepreneur","Oui, tous les jours","Facebook;WhatsApp","Paludisme","Manque d’information;Désintérêt / manque de motivation;Coût élevé des soins","Oui, très intéressé(e)","Vidéos courtes;Infographies / images","Alimentation et sport;Hypertension et maladies métaboliques;Santé sexuelle et reproductive;Hygiène et prévention des infections","Oui","Les images et courtes vidéos "
"2025/10/03 6:56:20 PM UTC+1","25 – 34 ans","Masculin","Bénin","Travailleur indépendant / Entrepreneur","Oui, tous les jours","Facebook;YouTube;WhatsApp","VIH/Sida;Paludisme;COVID-19;Hypertension;Diabète;Obésité;Cancers","Manque d’information","Oui, très intéressé(e)","Vidéos courtes;Podcasts","Alimentation et sport","Oui",""
"2025/10/03 6:56:37 PM UTC+1","25 – 34 ans","Masculin","Niger","Élève / Étudiant","Oui, tous les jours","Facebook;WhatsApp","VIH/Sida;Tuberculose;Paludisme;Hépatites virales (B, C);COVID-19;Hypertension;Diabète;Obésité;Cancers","Manque d’information;Coût élevé des soins;Difficulté d’accès aux services de santé","Oui, très intéressé(e)","Infographies / images;Quiz interactifs / sondages;Podcasts","Alimentation et sport;Hypertension et maladies métaboliques","Oui","Organisation des live Et Aussi partage d'affiche"
"2025/10/03 7:13:00 PM UTC+1","18 – 24 ans","Masculin","Bénin","Travailleur indépendant / Entrepreneur","Oui, tous les jours","Facebook;Instagram;WhatsApp;Autres","VIH/Sida;Tuberculose;Paludisme;COVID-19;Hypertension;Diabète;Cancers","Manque d’information;Désintérêt / manque de motivation;Coût élevé des soins","Non, pas intéressé(e)","Infographies / images;Articles longs","Alimentation et sport;Prévention des IST/VIH;Hypertension et maladies métaboliques;Addictions (alcool, tabac, drogues, réseaux sociaux);Santé sexuelle et reproductive;Hygiène et prévention des infections;Santé sexuelle ","Peut-être",""
"2025/10/03 7:16:28 PM UTC+1","25 – 34 ans","Masculin","Niger","Élève / Étudiant","Oui, tous les jours","YouTube;WhatsApp","VIH/Sida;Tuberculose;Paludisme;Hépatites virales (B, C);Hypertension;Diabète;Cancers","Désintérêt / manque de motivation","Oui, très intéressé(e)","Vidéos courtes;Quiz interactifs / sondages","Hygiène et prévention des infections","Peut-être","En faisant du contenu de santé en vidéos courtes"
"2025/10/03 7:32:58 PM UTC+1","25 – 34 ans","Masculin","Bénin","Travailleur salarié","Oui, tous les jours","Facebook;Instagram;TikTok;YouTube;WhatsApp","VIH/Sida;Paludisme;COVID-19","Manque d’information;Désintérêt / manque de motivation;Coût élevé des soins;Difficulté d’accès aux services de santé","Oui, très intéressé(e)","Vidéos courtes;Infographies / images;Quiz interactifs / sondages","Alimentation et sport;Prévention des IST/VIH;Hypertension et maladies métaboliques;Addictions (alcool, tabac, drogues, réseaux sociaux);Santé sexuelle et reproductive;Hygiène et prévention des infections","Oui",""
"2025/10/03 7:43:16 PM UTC+1","18 – 24 ans","Féminin","Bénin","Élève / Étudiant","Oui, tous les jours","Instagram;YouTube;WhatsApp;Autres","VIH/Sida;Tuberculose;Paludisme;Hépatites virales (B, C);COVID-19;Hypertension;Diabète;Obésité;Cancers","Manque d’information;Difficulté d’accès aux services de santé","Oui, un peu intéressé(e)","Vidéos courtes;Quiz interactifs / sondages;Podcasts","Alimentation et sport;Hypertension et maladies métaboliques;Addictions (alcool, tabac, drogues, réseaux sociaux);Santé sexuelle et reproductive","Oui","La création de contenus vidéo et les pannels interactifs appelé live "
"2025/10/03 8:26:03 PM UTC+1","25 – 34 ans","Féminin","Bénin","Travailleur salarié","Oui, tous les jours","Facebook;TikTok;WhatsApp","Paludisme","Coût élevé des soins;Difficulté d’accès aux services de santé","Oui, très intéressé(e)","Infographies / images;Quiz interactifs / sondages;Podcasts","Alimentation et sport;Santé sexuelle et reproductive;Hygiène et prévention des infections","Oui","Pour moi c'est de faire beaucoup la communication sur les réseaux concernant via des vidéos instructifs et éducatif "
"2025/10/03 8:41:44 PM UTC+1","25 – 34 ans","Masculin","France","Élève / Étudiant","Oui, tous les jours","TikTok;WhatsApp","VIH/Sida;COVID-19;Diabète","Manque d’information;Désintérêt / manque de motivation;Coût élevé des soins;Difficulté d’accès aux services de santé","Oui, très intéressé(e)","Podcasts","Alimentation et sport;Hypertension et maladies métaboliques;Santé sexuelle et reproductive;Hygiène et prévention des infections","Oui","Tiktok "
"2025/10/03 9:00:54 PM UTC+1","35 ans et plus","Masculin","Niger","Travailleur indépendant / Entrepreneur","Rarement","WhatsApp","Paludisme","Désintérêt / manque de motivation","Non, pas intéressé(e)","Vidéos courtes","Hygiène et prévention des infections","Non",""
"2025/10/03 9:01:49 PM UTC+1","25 – 34 ans","Féminin","Bénin","Sans emploi / en recherche d’emploi","Oui, tous les jours","Facebook;TikTok;YouTube;WhatsApp","Paludisme","Désintérêt / manque de motivation;Coût élevé des soins","Oui, très intéressé(e)","Vidéos courtes","Alimentation et sport;Hygiène et prévention des infections","Oui",""
"2025/10/03 9:09:44 PM UTC+1","18 – 24 ans","Féminin","Bénin","Élève / Étudiant","Oui, tous les jours","Facebook;Instagram;TikTok;WhatsApp","VIH/Sida;Tuberculose;Paludisme;COVID-19;Hypertension;Diabète;Obésité;Cancers","Manque d’information;Désintérêt / manque de motivation;Coût élevé des soins","Oui, très intéressé(e)","Infographies / images;Articles longs","Alimentation et sport;Prévention des IST/VIH;Santé sexuelle et reproductive;Zoonose ","Oui",""
"2025/10/03 10:21:08 PM UTC+1","25 – 34 ans","Masculin","Niger","Sans emploi / en recherche d’emploi","Oui, tous les jours","TikTok;YouTube;WhatsApp;Autres","Hépatites virales (B, C)","Manque d’information","Oui, très intéressé(e)","Infographies / images","Alimentation et sport","Oui",""
"2025/10/03 10:26:28 PM UTC+1","25 – 34 ans","Masculin","Bénin","Travailleur salarié","Oui, plusieurs fois par semaine","Facebook","Paludisme","Manque d’information","Oui, un peu intéressé(e)","Infographies / images;Articles longs","Santé sexuelle et reproductive","Peut-être","Video courtes, texte moyen "
"2025/10/03 11:57:53 PM UTC+1","25 – 34 ans","Masculin","Niger","Travailleur salarié","Oui, tous les jours","TikTok;WhatsApp","Paludisme","Manque d’information;Coût élevé des soins;Difficulté d’accès aux services de santé","Oui, très intéressé(e)","Vidéos courtes;Infographies / images;Quiz interactifs / sondages","Alimentation et sport;Hypertension et maladies métaboliques;Santé sexuelle et reproductive;Hygiène et prévention des infections","Oui",""
"2025/10/04 1:28:18 AM UTC+1","35 ans et plus","Masculin","Niger","Travailleur salarié","Oui, tous les jours","Facebook;WhatsApp","VIH/Sida;Paludisme;Diabète","Manque d’information","Oui, un peu intéressé(e)","Infographies / images","Alimentation et sport;Prévention des IST/VIH;Hypertension et maladies métaboliques;Santé sexuelle et reproductive;Hygiène et prévention des infections","Oui",""
"2025/10/04 2:11:51 AM UTC+1","25 – 34 ans","Féminin","Bénin","Travailleur indépendant / Entrepreneur","Oui, tous les jours","WhatsApp","Paludisme;Hypertension;Diabète;Obésité;Cancers","Manque d’information;Désintérêt / manque de motivation","Oui, très intéressé(e)","Vidéos courtes;Infographies / images","Addictions (alcool, tabac, drogues, réseaux sociaux);Santé sexuelle et reproductive;Hygiène et prévention des infections","Peut-être","Faire des courtes vidéos "
"2025/10/04 2:57:14 PM UTC+1","35 ans et plus","Masculin","Niger","Travailleur indépendant / Entrepreneur","Oui, tous les jours","Facebook;TikTok;WhatsApp;Autres","VIH/Sida;Tuberculose;Paludisme;Hépatites virales (B, C);COVID-19;Diabète;Cancers","Manque d’information;Désintérêt / manque de motivation","Oui, très intéressé(e)","Vidéos courtes;Infographies / images;Articles longs;Podcasts","Alimentation et sport;Prévention des IST/VIH;Hypertension et maladies métaboliques;Santé sexuelle et reproductive;Hygiène et prévention des infections","Oui",""
"2025/10/04 5:41:14 PM UTC+1","18 – 24 ans","Féminin","Bénin","Élève / Étudiant","Oui, tous les jours","Instagram;TikTok;YouTube;WhatsApp","VIH/Sida;Tuberculose;Paludisme;Hépatites virales (B, C);COVID-19;Hypertension;Diabète;Obésité;Cancers","Coût élevé des soins;Difficulté d’accès aux services de santé","Oui, un peu intéressé(e)","Vidéos courtes;Infographies / images;Quiz interactifs / sondages;Podcasts","Alimentation et sport;Prévention des IST/VIH;Hypertension et maladies métaboliques;Addictions (alcool, tabac, drogues, réseaux sociaux);Santé sexuelle et reproductive;Hygiène et prévention des infections","Peut-être",""
"2025/10/04 6:19:26 PM UTC+1","25 – 34 ans","Masculin","Bénin","Travailleur indépendant / Entrepreneur","Oui, tous les jours","WhatsApp","Paludisme","Difficulté d’accès aux services de santé","Oui, très intéressé(e)","Vidéos courtes","Alimentation et sport","Oui","Des vidéos courtes avec des éléments essentiels sans de longs discours "
"2025/10/04 6:20:14 PM UTC+1","18 – 24 ans","Féminin","Bénin","Élève / Étudiant","Oui, tous les jours","Facebook;YouTube;WhatsApp","VIH/Sida;Paludisme;Hépatites virales (B, C);Cancers","Coût élevé des soins;Difficulté d’accès aux services de santé","Oui, très intéressé(e)","Vidéos courtes;Infographies / images;Quiz interactifs / sondages;Podcasts","Alimentation et sport;Prévention des IST/VIH;Hypertension et maladies métaboliques;Santé sexuelle et reproductive;Hygiène et prévention des infections","Peut-être","En faire de petites histoires drôles à lire ou à visualiser "
"2025/10/04 6:28:38 PM UTC+1","25 – 34 ans","Masculin","Arabie saoudite","Élève / Étudiant","Oui, tous les jours","Facebook;TikTok;WhatsApp","Paludisme;COVID-19","Manque d’information;Désintérêt / manque de motivation;Coût élevé des soins;Difficulté d’accès aux services de santé","Oui, très intéressé(e)","Vidéos courtes;Infographies / images","Alimentation et sport;Hypertension et maladies métaboliques;Santé sexuelle et reproductive;Hygiène et prévention des infections","Peut-être","Adopter les codes des réseaux sociaux
Prioriser le contenu visuel et vidéo : Les formats courts et dynamiques (Stories, Reels, Shorts, TikTok) captent mieux l'attention et se propagent plus facilement."
"2025/10/04 7:16:36 PM UTC+1","25 – 34 ans","Masculin","Bénin","Sans emploi / en recherche d’emploi","Oui, tous les jours","Facebook;TikTok;WhatsApp","Paludisme;Hypertension;Diabète;Cancers","Désintérêt / manque de motivation;Coût élevé des soins","Oui, très intéressé(e)","Vidéos courtes;Infographies / images;Quiz interactifs / sondages","Alimentation et sport;Prévention des IST/VIH;Santé sexuelle et reproductive","Oui","A base des publications et autres "
"2025/10/04 7:21:13 PM UTC+1","25 – 34 ans","Masculin","Bénin","Travailleur indépendant / Entrepreneur","Oui, tous les jours","Facebook;WhatsApp","VIH/Sida;Tuberculose;Paludisme;Hépatites virales (B, C);Hypertension;Diabète;Obésité;Cancers","Manque d’information;Coût élevé des soins","Oui, très intéressé(e)","Vidéos courtes;Infographies / images;Podcasts","Alimentation et sport;Prévention des IST/VIH;Hypertension et maladies métaboliques;Santé sexuelle et reproductive;Hygiène et prévention des infections","Oui","Je pense que concevoir des prospectus que les gens pourront utiliser à tout moment serait aussi possible. C'est prospectus peuvent contenir des astuces, des conseils et des choses à éviter concernant quelques maladies."
"2025/10/04 7:32:08 PM UTC+1","35 ans et plus","Masculin","Bénin","Travailleur salarié","Oui, tous les jours","Facebook;TikTok;YouTube;WhatsApp","VIH/Sida;Tuberculose;Paludisme;Hépatites virales (B, C);COVID-19;Hypertension;Diabète;Obésité;Cancers","Manque d’information;Désintérêt / manque de motivation;Coût élevé des soins;Difficulté d’accès aux services de santé","Oui, très intéressé(e)","Infographies / images;Quiz interactifs / sondages;Podcasts","Alimentation et sport;Santé sexuelle et reproductive;Hygiène et prévention des infections","Oui","Les vidéos, les posters "
"2025/10/04 10:21:03 PM UTC+1","25 – 34 ans","Masculin","Bénin","Travailleur salarié","Oui, tous les jours","WhatsApp","Paludisme","Manque d’information;Coût élevé des soins;Difficulté d’accès aux services de santé","Oui, très intéressé(e)","Podcasts","Alimentation et sport;Addictions (alcool, tabac, drogues, réseaux sociaux);Santé sexuelle et reproductive;Hygiène et prévention des infections","Oui","Réalisation de courtes vidéos qui vont passer en boucle sur les réseaux sociaux "
"2025/10/05 9:01:44 AM UTC+1","25 – 34 ans","Masculin","France","Travailleur salarié","Oui, tous les jours","Facebook;WhatsApp","VIH/Sida;Tuberculose;Paludisme;Hépatites virales (B, C);COVID-19;Hypertension;Diabète;Obésité;Cancers","Manque d’information;Coût élevé des soins;Difficulté d’accès aux services de santé","Oui, un peu intéressé(e)","Vidéos courtes;Infographies / images","Alimentation et sport;Hypertension et maladies métaboliques;Addictions (alcool, tabac, drogues, réseaux sociaux);Santé sexuelle et reproductive;Hygiène et prévention des infections","Oui","Via les réseaux sociaux "
"2025/10/05 3:20:39 PM UTC+1","35 ans et plus","Masculin","Sénégal","Travailleur indépendant / Entrepreneur","Oui, plusieurs fois par semaine","Autres","VIH/Sida;Tuberculose;Paludisme;Hépatites virales (B, C);COVID-19;Hypertension;Diabète;Obésité;Cancers","Manque d’information;Désintérêt / manque de motivation;La famille, l'ignorance","Oui, un peu intéressé(e)","Vidéos courtes;Quiz interactifs / sondages","Alimentation et sport;Prévention des IST/VIH;Hypertension et maladies métaboliques;Addictions (alcool, tabac, drogues, réseaux sociaux);Santé sexuelle et reproductive;Hygiène et prévention des infections;orthogénisme","Oui","Interactivité preuve pour et par évidence"
"2025/10/05 3:31:57 PM UTC+1","25 – 34 ans","Masculin","Côte d'Ivoire","Élève / Étudiant","Oui, tous les jours","Facebook;TikTok;YouTube;WhatsApp;Autres","VIH/Sida;Paludisme;Hypertension;Diabète","Manque d’information;Coût élevé des soins","Oui, très intéressé(e)","Vidéos courtes","Alimentation et sport","Oui",""
"2025/10/05 3:37:50 PM UTC+1","25 – 34 ans","Masculin","Tchad","Élève / Étudiant","Oui, plusieurs fois par semaine","Facebook;WhatsApp;Autres","VIH/Sida;Tuberculose;Paludisme;COVID-19;Hypertension;Diabète","Manque d’information;Désintérêt / manque de motivation;Coût élevé des soins;Difficulté d’accès aux services de santé","Oui, très intéressé(e)","Vidéos courtes;Infographies / images;Quiz interactifs / sondages;Articles longs","Alimentation et sport;Prévention des IST/VIH;Hypertension et maladies métaboliques;Addictions (alcool, tabac, drogues, réseaux sociaux);Hygiène et prévention des infections","Oui","Messages, infographie..."
"2025/10/05 3:37:53 PM UTC+1","18 – 24 ans","Féminin","Bénin","Élève / Étudiant","Oui, plusieurs fois par semaine","Facebook;TikTok;WhatsApp;Autres","VIH/Sida;Tuberculose;Paludisme;Hépatites virales (B, C);COVID-19;Hypertension;Diabète;Obésité;Cancers","Manque d’information;Désintérêt / manque de motivation;Coût élevé des soins;Difficulté d’accès aux services de santé","Oui, un peu intéressé(e)","Quiz interactifs / sondages","Alimentation et sport;Hypertension et maladies métaboliques;Santé sexuelle et reproductive","Oui","Des vidéos courtes "
"2025/10/05 4:08:38 PM UTC+1","25 – 34 ans","Féminin","Bénin","Sans emploi / en recherche d’emploi","Oui, tous les jours","WhatsApp","VIH/Sida;Paludisme;COVID-19;Diabète;Obésité","Désintérêt / manque de motivation","Oui, un peu intéressé(e)","Vidéos courtes","Hygiène et prévention des infections","Oui",""
"2025/10/05 5:03:56 PM UTC+1","25 – 34 ans","Masculin","Bénin","Travailleur salarié","Oui, tous les jours","Facebook;TikTok;WhatsApp","VIH/Sida;Paludisme;COVID-19","Manque d’information;Coût élevé des soins;Difficulté d’accès aux services de santé","Oui, un peu intéressé(e)","Vidéos courtes;Infographies / images","Alimentation et sport;Addictions (alcool, tabac, drogues, réseaux sociaux);Hygiène et prévention des infections","Peut-être",""
"2025/10/05 7:33:26 PM UTC+1","25 – 34 ans","Masculin","Niger","Travailleur salarié","Oui, tous les jours","Facebook;WhatsApp","VIH/Sida;Tuberculose;Paludisme;Hépatites virales (B, C);COVID-19;Hypertension;Diabète;Obésité;Cancers","Manque d’information;Désintérêt / manque de motivation;Coût élevé des soins","Oui, très intéressé(e)","Vidéos courtes","Alimentation et sport;Hypertension et maladies métaboliques","Oui","Partager régulièrement les informations liées à la santé "
"2025/10/05 8:54:14 PM UTC+1","25 – 34 ans","Masculin","Niger","Sans emploi / en recherche d’emploi","Oui, tous les jours","WhatsApp;Autres","VIH/Sida;Tuberculose;Paludisme;Hépatites virales (B, C);COVID-19;Hypertension;Diabète;Obésité;Cancers;","Manque d’information;Coût élevé des soins;Difficulté d’accès aux services de santé","Oui, très intéressé(e)","Vidéos courtes;Infographies / images;Quiz interactifs / sondages;Articles longs;Podcasts","Alimentation et sport;Prévention des IST/VIH;Hypertension et maladies métaboliques;Addictions (alcool, tabac, drogues, réseaux sociaux);Santé sexuelle et reproductive;Hygiène et prévention des infections","Oui","Faites impliquer leurs pairs."
"2025/10/05 9:18:20 PM UTC+1","25 – 34 ans","Féminin","Bénin","Travailleur indépendant / Entrepreneur","Oui, tous les jours","Facebook;WhatsApp;Autres","VIH/Sida;Paludisme;Hypertension;Diabète;Obésité","Manque d’information;Coût élevé des soins;Difficulté d’accès aux services de santé","Oui, un peu intéressé(e)","Vidéos courtes;Podcasts","Addictions (alcool, tabac, drogues, réseaux sociaux);Santé sexuelle et reproductive;Hygiène et prévention des infections","Oui","Production de contenu court accessible et régulier "
"2025/10/06 10:21:03 AM UTC+1","25 – 34 ans","Féminin","Bénin","Élève / Étudiant","Oui, tous les jours","Instagram;YouTube;WhatsApp","VIH/Sida;Tuberculose;Paludisme;Hépatites virales (B, C);COVID-19;Hypertension;Diabète;Obésité;Ulcère gastrique ou gastroduodénal","Manque d’information;Désintérêt / manque de motivation;Coût élevé des soins","Oui, très intéressé(e)","Vidéos courtes;Infographies / images;Quiz interactifs / sondages;Podcasts","Prévention des IST/VIH;Hypertension et maladies métaboliques;Santé sexuelle et reproductive;Hygiène et prévention des infections","Oui","Il faut éduquer sans ennuyer, informer sans effrayer, et surtout créer un dialogue plutôt qu’un monologue."
"2025/10/06 10:26:06 AM UTC+1","25 – 34 ans","Masculin","Belgique","Élève / Étudiant","Oui, plusieurs fois par semaine","Facebook;TikTok;YouTube;WhatsApp","VIH/Sida;Paludisme;COVID-19;Diabète;Cancers","Manque d’information;Coût élevé des soins;Difficulté d’accès aux services de santé","Oui, un peu intéressé(e)","Infographies / images;Quiz interactifs / sondages;Podcasts","Alimentation et sport;Hypertension et maladies métaboliques;Addictions (alcool, tabac, drogues, réseaux sociaux);Hygiène et prévention des infections","Peut-être","Infographie"
"2025/10/06 10:26:45 AM UTC+1","35 ans et plus","Masculin","Togo","Travailleur salarié","Oui, tous les jours","YouTube;WhatsApp;Autres","VIH/Sida;Tuberculose;Paludisme;Hépatites virales (B, C);COVID-19;Hypertension;Diabète;Obésité;Cancers;Maladies mentales ","Manque d’information;Désintérêt / manque de motivation;Coût élevé des soins;Difficulté d’accès aux services de santé","Oui, très intéressé(e)","Vidéos courtes;Infographies / images;Articles longs;Podcasts","Alimentation et sport;Hypertension et maladies métaboliques;Addictions (alcool, tabac, drogues, réseaux sociaux);Hygiène et prévention des infections","Oui","Réseaux sociaux "
"2025/10/06 10:29:00 AM UTC+1","18 – 24 ans","Féminin","Bénin","Élève / Étudiant","Oui, plusieurs fois par semaine","Facebook;WhatsApp","VIH/Sida;Tuberculose;Paludisme;Hépatites virales (B, C);Hypertension;Diabète;Obésité;Cancers","Manque d’information;Coût élevé des soins;Difficulté d’accès aux services de santé","Oui, très intéressé(e)","Vidéos courtes;Infographies / images;Quiz interactifs / sondages","Alimentation et sport;Prévention des IST/VIH;Hypertension et maladies métaboliques;Addictions (alcool, tabac, drogues, réseaux sociaux);Santé sexuelle et reproductive;Hygiène et prévention des infections","Oui","Vidéo informatives"
"2025/10/06 10:35:50 AM UTC+1","25 – 34 ans","Masculin","Bénin","Travailleur indépendant / Entrepreneur","Oui, tous les jours","Facebook;WhatsApp","VIH/Sida;Paludisme;Hépatites virales (B, C);COVID-19","Manque d’information;Coût élevé des soins","Oui, très intéressé(e)","Vidéos courtes;Infographies / images","Alimentation et sport;Prévention des IST/VIH;Santé sexuelle et reproductive;Hygiène et prévention des infections","Oui",""
"2025/10/06 10:41:35 AM UTC+1","35 ans et plus","Masculin","Bénin","Travailleur salarié","Oui, tous les jours","Facebook;YouTube;WhatsApp","VIH/Sida;Paludisme;COVID-19;Diabète;Obésité","Manque d’information;Coût élevé des soins","Oui, très intéressé(e)","Vidéos courtes;Infographies / images;Podcasts","Alimentation et sport;Hypertension et maladies métaboliques;Hygiène et prévention des infections","Peut-être","Ce sont les sensibilisations sur tiktok et youtube parce qu'ils sont beaucoup plus actifs sur ces réseaux sociaux là."
"2025/10/06 10:42:57 AM UTC+1","35 ans et plus","Masculin","Bénin","Doctorant ","Oui, tous les jours","Facebook;WhatsApp","VIH/Sida;Tuberculose;Paludisme;Hépatites virales (B, C)","Manque d’information;Coût élevé des soins;Difficulté d’accès aux services de santé","Oui, très intéressé(e)","Articles longs","Alimentation et sport;Prévention des IST/VIH;Hypertension et maladies métaboliques;Santé sexuelle et reproductive;Hygiène et prévention des infections","Oui","Courtes vidéos sur les causes et conséquences, méthode de prévention et de traitement des IST"
"2025/10/06 10:44:18 AM UTC+1","18 – 24 ans","Féminin","Bénin","Sans emploi / en recherche d’emploi","Oui, tous les jours","Facebook;WhatsApp;Autres","Paludisme;Hépatites virales (B, C);COVID-19;Hypertension;Diabète;Obésité","Coût élevé des soins","Oui, très intéressé(e)","Vidéos courtes;Infographies / images;Podcasts","Alimentation et sport;Prévention des IST/VIH;Santé sexuelle et reproductive;Hygiène et prévention des infections","Oui","Challenge"
"2025/10/06 10:54:49 AM UTC+1","18 – 24 ans","Féminin","Bénin","Travailleur salarié","Oui, tous les jours","Instagram;WhatsApp","VIH/Sida;Paludisme;Hépatites virales (B, C);COVID-19;Hypertension;Diabète;Obésité;Cancers","Manque d’information;Coût élevé des soins","Oui, un peu intéressé(e)","Vidéos courtes","Prévention des IST/VIH;Hypertension et maladies métaboliques;Addictions (alcool, tabac, drogues, réseaux sociaux)","Oui","Faire du contenu non ennuyeux "
"2025/10/06 11:12:05 AM UTC+1","25 – 34 ans","Féminin","Bénin","Travailleur salarié","Oui, plusieurs fois par semaine","Facebook;TikTok;YouTube;WhatsApp","VIH/Sida;Tuberculose;Paludisme;COVID-19;Cancers","Manque d’information;Désintérêt / manque de motivation;Coût élevé des soins","Oui, un peu intéressé(e)","Vidéos courtes;Infographies / images","Prévention des IST/VIH;Santé sexuelle et reproductive;Hygiène et prévention des infections","Oui",""
"2025/10/06 1:29:34 PM UTC+1","35 ans et plus","Féminin","Bénin","Travailleur salarié","Oui, tous les jours","Facebook;TikTok;WhatsApp","VIH/Sida;Tuberculose;Paludisme;Hépatites virales (B, C);COVID-19;Hypertension;Diabète;Obésité;Cancers","Manque d’information","Oui, très intéressé(e)","Vidéos courtes","Alimentation et sport;Addictions (alcool, tabac, drogues, réseaux sociaux)","Oui","Courte vidéo "
"2025/10/06 1:50:18 PM UTC+1","35 ans et plus","Masculin","Bénin","Travailleur salarié","Oui, tous les jours","WhatsApp","Paludisme","Coût élevé des soins","Oui, un peu intéressé(e)","Infographies / images","Santé sexuelle et reproductive","Non","Image "
"2025/10/06 3:59:10 PM UTC+1","25 – 34 ans","Masculin","Bénin","Travailleur indépendant / Entrepreneur","Oui, tous les jours","Facebook;TikTok;YouTube;WhatsApp;Autres","Aucune","Manque d’information;Désintérêt / manque de motivation;Coût élevé des soins;Difficulté d’accès aux services de santé;","Oui, très intéressé(e)","Vidéos courtes;Infographies / images;Quiz interactifs / sondages;Podcasts","Alimentation et sport;Prévention des IST/VIH;Hypertension et maladies métaboliques;Addictions (alcool, tabac, drogues, réseaux sociaux);Santé sexuelle et reproductive;Hygiène et prévention des infections;","Oui","Des cas pratiques "
"2025/10/06 3:59:55 PM UTC+1","25 – 34 ans","Masculin","Bénin","Travailleur salarié","Oui, tous les jours","Facebook;TikTok;WhatsApp","Paludisme;HBP ","Désintérêt / manque de motivation;Ignorance ","Oui, un peu intéressé(e)","Vidéos courtes","Alimentation et sport;Santé sexuelle et reproductive","Oui",""
"2025/10/06 4:03:48 PM UTC+1","25 – 34 ans","Féminin","Bénin","Élève / Étudiant","Oui, tous les jours","Facebook","Tuberculose;Paludisme;Hypertension;Diabète","Manque d’information;Désintérêt / manque de motivation;Difficulté d’accès aux services de santé","Oui, très intéressé(e)","Vidéos courtes;Infographies / images","Prévention des IST/VIH;Hypertension et maladies métaboliques","Oui","Les publications dans les forums "
"2025/10/06 4:06:06 PM UTC+1","18 – 24 ans","Féminin","Sénégal","Élève / Étudiant","Oui, tous les jours","Instagram;TikTok;WhatsApp","Diabète;Drepanocitose","Manque d’information;Désintérêt / manque de motivation;Coût élevé des soins","Non, pas intéressé(e)","Quiz interactifs / sondages","Alimentation et sport;Addictions (alcool, tabac, drogues, réseaux sociaux);Santé sexuelle et reproductive;Hygiène et prévention des infections","Peut-être",""
"2025/10/06 4:15:39 PM UTC+1","25 – 34 ans","Masculin","Bénin","Sans emploi / en recherche d’emploi","Oui, tous les jours","WhatsApp","VIH/Sida;Paludisme;Hypertension","Manque d’information","Oui, très intéressé(e)","Vidéos courtes","Alimentation et sport","Oui","Sur les réseaux sociaux par les status "
"2025/10/06 4:20:27 PM UTC+1","25 – 34 ans","Féminin","Sénégal","Sans emploi / en recherche d’emploi","Oui, tous les jours","Instagram;YouTube;WhatsApp","VIH/Sida;Tuberculose;Paludisme;Hypertension;Diabète","Manque d’information;Désintérêt / manque de motivation;Coût élevé des soins;Difficulté d’accès aux services de santé","Oui, très intéressé(e)","Vidéos courtes;Infographies / images","Alimentation et sport;Prévention des IST/VIH;Addictions (alcool, tabac, drogues, réseaux sociaux);Santé sexuelle et reproductive;Hygiène et prévention des infections","Peut-être","En interpellant les vrais créateurs de contenus en à parler de façon régulière et pertinente. "
"2025/10/06 4:37:19 PM UTC+1","35 ans et plus","Masculin","Niger","Travailleur salarié","Oui, tous les jours","Facebook;Instagram;TikTok;YouTube;WhatsApp;Autres","VIH/Sida;Tuberculose;Paludisme;Hépatites virales (B, C);COVID-19;Hypertension;Diabète;Obésité;Cancers","Manque d’information;Désintérêt / manque de motivation;Coût élevé des soins","Oui, un peu intéressé(e)","Vidéos courtes","Alimentation et sport;Addictions (alcool, tabac, drogues, réseaux sociaux);Santé sexuelle et reproductive","Peut-être","Courtes vidéos "
"2025/10/06 4:42:00 PM UTC+1","18 – 24 ans","Féminin","Bénin","Élève / Étudiant","Oui, plusieurs fois par semaine","Facebook;WhatsApp;Autres","VIH/Sida;Tuberculose;Paludisme;COVID-19;Diabète;Obésité;Cancers","Manque d’information;Coût élevé des soins;Difficulté d’accès aux services de santé","Oui, très intéressé(e)","Vidéos courtes;Infographies / images;Podcasts","Alimentation et sport;Hypertension et maladies métaboliques;Addictions (alcool, tabac, drogues, réseaux sociaux);Santé sexuelle et reproductive","Oui","Je pense qu'à travers des vidéos courtes et animées, cela serait plus intéressant pour nous"
"2025/10/06 5:22:50 PM UTC+1","25 – 34 ans","Masculin","Niger","Élève / Étudiant","Oui, tous les jours","WhatsApp","VIH/Sida;Tuberculose;Paludisme;Hypertension;Diabète","Manque d’information;Désintérêt / manque de motivation","Oui, un peu intéressé(e)","Vidéos courtes;Quiz interactifs / sondages","Alimentation et sport;Prévention des IST/VIH;Hypertension et maladies métaboliques;Addictions (alcool, tabac, drogues, réseaux sociaux);Santé sexuelle et reproductive;Hygiène et prévention des infections","Peut-être","1) viser leurs points fiables ( Argent par exemple)
2) Publier des vidéos courtes, claires et précises.
3) Organiser si possible des séances de sensibilisation dans les locaux."
"2025/10/06 6:04:16 PM UTC+1","25 – 34 ans","Masculin","Sénégal","Élève / Étudiant","Oui, tous les jours","Facebook;Instagram;TikTok;YouTube;WhatsApp","VIH/Sida;Tuberculose;Hépatites virales (B, C);COVID-19;Hypertension;Diabète;Obésité;Cancers","Manque d’information;Désintérêt / manque de motivation;Coût élevé des soins;Difficulté d’accès aux services de santé","Oui, très intéressé(e)","Vidéos courtes;Infographies / images;Quiz interactifs / sondages;Articles longs;Podcasts","Alimentation et sport;Prévention des IST/VIH;Santé sexuelle et reproductive;Hygiène et prévention des infections","Peut-être","Rjvh"
"2025/10/06 6:14:05 PM UTC+1","25 – 34 ans","Masculin","Niger","Travailleur salarié","Oui, tous les jours","Facebook;WhatsApp","Paludisme","Manque d’information;Coût élevé des soins;Difficulté d’accès aux services de santé","Oui, un peu intéressé(e)","Infographies / images","Alimentation et sport;Santé sexuelle et reproductive","Peut-être",""
"2025/10/06 6:40:11 PM UTC+1","25 – 34 ans","Masculin","Niger","Travailleur indépendant / Entrepreneur","Oui, tous les jours","Facebook;WhatsApp","VIH/Sida;Tuberculose;Paludisme;COVID-19;Hypertension;Diabète;Obésité","Manque d’information","Non, pas intéressé(e)","Vidéos courtes","Alimentation et sport","Oui",""
"2025/10/06 9:22:07 PM UTC+1","18 – 24 ans","Masculin","Sénégal","Élève / Étudiant","Oui, plusieurs fois par semaine","YouTube;WhatsApp","Paludisme;COVID-19;Diabète;Obésité","Manque d’information;Désintérêt / manque de motivation","Oui, très intéressé(e)","Vidéos courtes;Infographies / images","Alimentation et sport;Santé sexuelle et reproductive","Oui","Video informative"
"2025/10/07 12:08:41 AM UTC+1","35 ans et plus","Masculin","Sénégal","Travailleur indépendant / Entrepreneur","Oui, tous les jours","YouTube;WhatsApp","Aucune","Coût élevé des soins;Difficulté d’accès aux services de santé","Oui, très intéressé(e)","Vidéos courtes;Infographies / images","Alimentation et sport;Hypertension et maladies métaboliques;Addictions (alcool, tabac, drogues, réseaux sociaux);Santé sexuelle et reproductive;Hygiène et prévention des infections","Oui","En faisant des vidéos courtes émouvante pour attirer leurs attention "
"2025/10/09 12:03:00 AM UTC+1","18 – 24 ans","Féminin","Sénégal","Élève / Étudiant","Oui, tous les jours","WhatsApp","Hypertension","Manque d’information;Difficulté d’accès aux services de santé","Oui, très intéressé(e)","Vidéos courtes","Alimentation et sport;Prévention des IST/VIH;Hypertension et maladies métaboliques;Addictions (alcool, tabac, drogues, réseaux sociaux);Santé sexuelle et reproductive;Hygiène et prévention des infections;","Oui","Des vidéos courtes avec des explications explicites "
"2025/10/09 2:00:01 PM UTC+1","18 – 24 ans","Féminin","Niger","Élève / Étudiant","Oui, tous les jours","WhatsApp","Paludisme;Hypertension;Diabète","Manque d’information;Coût élevé des soins","Oui, un peu intéressé(e)","Vidéos courtes","Alimentation et sport;Santé sexuelle et reproductive;Hygiène et prévention des infections","Peut-être",""
"2025/10/09 8:55:44 PM UTC+1","25 – 34 ans","Masculin","Niger","Travailleur salarié","Oui, tous les jours","Facebook;Instagram;YouTube;WhatsApp","Tuberculose;Paludisme;Hypertension;Diabète;Obésité;Cancers","Manque d’information;Désintérêt / manque de motivation","Oui, très intéressé(e)","Vidéos courtes;Infographies / images;Quiz interactifs / sondages;Articles longs","Alimentation et sport;Hypertension et maladies métaboliques;Addictions (alcool, tabac, drogues, réseaux sociaux);Santé sexuelle et reproductive;Hygiène et prévention des infections","Oui",""
"2025/10/10 5:56:40 AM UTC+1","25 – 34 ans","Féminin","Bénin","Travailleur salarié","Oui, plusieurs fois par semaine","Facebook;YouTube;WhatsApp","VIH/Sida;Tuberculose;Paludisme;Hypertension;Diabète","Désintérêt / manque de motivation;Coût élevé des soins","Non, pas intéressé(e)","Quiz interactifs / sondages","Alimentation et sport;Addictions (alcool, tabac, drogues, réseaux sociaux)","Non","Informations "
"2025/10/10 8:24:34 PM UTC+1","25 – 34 ans","Féminin","Sénégal","Travailleur salarié","Oui, tous les jours","Facebook;TikTok;WhatsApp","Paludisme;COVID-19","Coût élevé des soins;Difficulté d’accès aux services de santé","Oui, très intéressé(e)","Vidéos courtes","Hypertension et maladies métaboliques;Santé sexuelle et reproductive","Peut-être","Être plus proche d'eux car parfois ils sont inconscients du danger"
"2025/10/14 5:38:57 PM UTC+1","25 – 34 ans","Masculin","Burundi","Travailleur salarié","Oui, tous les jours","Facebook;YouTube;WhatsApp;Autres","VIH/Sida;Paludisme;COVID-19;Hypertension;Diabète;Obésité;Cancers;MPOX","Manque d’information;Coût élevé des soins;Difficulté d’accès aux services de santé","Oui, très intéressé(e)","Infographies / images;Articles longs","Hypertension et maladies métaboliques;Addictions (alcool, tabac, drogues, réseaux sociaux);Santé sexuelle et reproductive;Hygiène et prévention des infections","Oui","Publication des articles et contenu sur la santé des jeunes"
"2025/10/14 5:50:26 PM UTC+1","25 – 34 ans","Féminin","Bénin","Travailleur indépendant / Entrepreneur","Oui, tous les jours","Facebook;YouTube;WhatsApp","VIH/Sida;Paludisme;Cancers","Manque d’information;Désintérêt / manque de motivation;Coût élevé des soins;Difficulté d’accès aux services de santé","Oui, très intéressé(e)","Vidéos courtes;Infographies / images;Quiz interactifs / sondages;Articles longs;Podcasts","Alimentation et sport;Prévention des IST/VIH;Santé sexuelle et reproductive;Hygiène et prévention des infections","Oui","leur rappeler régulièrement les précautions à prendre dans un contenu léger"
"2025/10/14 5:59:17 PM UTC+1","35 ans et plus","Féminin","Bénin","Travailleur salarié","Oui, tous les jours","WhatsApp","VIH/Sida;Tuberculose;Paludisme","Manque d’information;Coût élevé des soins;Difficulté d’accès aux services de santé","Oui, très intéressé(e)","Vidéos courtes","Alimentation et sport;Prévention des IST/VIH;Hypertension et maladies métaboliques;Santé sexuelle et reproductive;Hygiène et prévention des infections","Oui",""
"2025/10/15 5:38:53 AM UTC+1","35 ans et plus","Masculin","Madagascar","Travailleur salarié","Oui, tous les jours","Facebook;WhatsApp","VIH/Sida;Tuberculose;Paludisme;COVID-19;Hypertension;Diabète;Obésité;Cancers","Désintérêt / manque de motivation","Oui, très intéressé(e)","Quiz interactifs / sondages;Articles longs","Prévention des IST/VIH;Hypertension et maladies métaboliques;Addictions (alcool, tabac, drogues, réseaux sociaux);Hygiène et prévention des infections","Oui",""
"2025/10/15 10:33:57 PM UTC+1","25 – 34 ans","Masculin","Bénin","Sans emploi / en recherche d’emploi","Oui, tous les jours","YouTube;WhatsApp","VIH/Sida;Tuberculose;Paludisme;COVID-19;Diabète;Obésité;Cancers","Manque d’information;Coût élevé des soins;Difficulté d’accès aux services de santé","Oui, un peu intéressé(e)","Vidéos courtes;Infographies / images;Podcasts","Alimentation et sport;Addictions (alcool, tabac, drogues, réseaux sociaux);Santé sexuelle et reproductive;Hygiène et prévention des infections","Oui",""
"2025/10/17 9:49:53 PM UTC+1","18 – 24 ans","Masculin","Bénin","Travailleur indépendant / Entrepreneur","Oui, tous les jours","Facebook;YouTube;WhatsApp;Autres","VIH/Sida;Paludisme;COVID-19;Hypertension;Diabète","Manque d’information;Désintérêt / manque de motivation;Coût élevé des soins;Difficulté d’accès aux services de santé","Oui, très intéressé(e)","Infographies / images;Podcasts","Alimentation et sport;Prévention des IST/VIH;Santé sexuelle et reproductive;Hygiène et prévention des infections","Peut-être","Des contenus à la fois drôle et édifiant "
"2025/10/18 10:41:43 AM UTC+1","25 – 34 ans","Masculin","Bénin","Sans emploi / en recherche d’emploi","Oui, tous les jours","Facebook;WhatsApp","VIH/Sida;COVID-19;Hypertension;Diabète;Obésité;Cancers","Manque d’information;Coût élevé des soins;Difficulté d’accès aux services de santé","Oui, très intéressé(e)","Quiz interactifs / sondages","Prévention des IST/VIH;Hypertension et maladies métaboliques;Santé sexuelle et reproductive","Oui","Tout d'abord il faut prendre les disparités résidentielles et et régionale en matière d'accès aux infos médiatisées de même que les problèmes de santé  en grande ampleur dans ces ces zones. Une approche intersectionnelle (ADS+) est dans ce cadre une bonne candidate."
"2025/10/19 2:33:27 PM UTC+1","25 – 34 ans","Masculin","Bénin","Travailleur indépendant / Entrepreneur","Oui, tous les jours","Facebook;WhatsApp;Autres","VIH/Sida;Paludisme;Hépatites virales (B, C);COVID-19;Diabète","Manque d’information;Désintérêt / manque de motivation;Coût élevé des soins","Oui, très intéressé(e)","Vidéos courtes;Infographies / images","Alimentation et sport;Hypertension et maladies métaboliques;Addictions (alcool, tabac, drogues, réseaux sociaux);Santé sexuelle et reproductive;Hygiène et prévention des infections","Oui","Au travers des vidéos instructives et infographie, publier sur les pages d'influenceurs "
"2025/10/19 2:39:22 PM UTC+1","25 – 34 ans","Masculin","Bénin","Travailleur indépendant / Entrepreneur","Oui, tous les jours","Facebook;TikTok;YouTube;WhatsApp;Autres","VIH/Sida;Paludisme;Hépatites virales (B, C);Diabète","Manque d’information","Oui, très intéressé(e)","Vidéos courtes;Quiz interactifs / sondages","Prévention des IST/VIH;Hypertension et maladies métaboliques;Santé sexuelle et reproductive","Non",""
"2025/10/19 3:32:19 PM UTC+1","35 ans et plus","Masculin","Bénin","Travailleur salarié","Oui, tous les jours","YouTube;WhatsApp","VIH/Sida;Paludisme;Hépatites virales (B, C);COVID-19;Diabète;Cancers","Manque d’information;Coût élevé des soins","Oui, très intéressé(e)","Articles longs","Alimentation et sport;Addictions (alcool, tabac, drogues, réseaux sociaux);Hygiène et prévention des infections","Oui",""
"2025/10/19 3:40:40 PM UTC+1","18 – 24 ans","Masculin","Bénin","Élève / Étudiant","Oui, plusieurs fois par semaine","Facebook;TikTok;YouTube;WhatsApp;Autres","VIH/Sida;Paludisme;COVID-19;Diabète;Obésité;Cancers;","Manque d’information;Coût élevé des soins","Oui, un peu intéressé(e)","Vidéos courtes;Infographies / images;Quiz interactifs / sondages;Articles longs;Podcasts","Alimentation et sport;Hypertension et maladies métaboliques;Addictions (alcool, tabac, drogues, réseaux sociaux);Santé sexuelle et reproductive;Hygiène et prévention des infections;","Oui",""
"2025/10/19 3:45:23 PM UTC+1","35 ans et plus","Masculin","Bénin","Travailleur salarié","Oui, tous les jours","Facebook;TikTok;YouTube;WhatsApp","VIH/Sida;Paludisme;Hépatites virales (B, C);Hypertension;Diabète;Obésité","Manque d’information;Coût élevé des soins","Oui, très intéressé(e)","Vidéos courtes;Infographies / images;Articles longs","Alimentation et sport;Prévention des IST/VIH;Hypertension et maladies métaboliques;Santé sexuelle et reproductive;Hygiène et prévention des infections","Oui",""
"2025/10/19 3:52:09 PM UTC+1","25 – 34 ans","Masculin","Bénin","Sans emploi / en recherche d’emploi","Rarement","Facebook;Instagram;YouTube;WhatsApp;Autres","VIH/Sida;Paludisme;Hépatites virales (B, C);COVID-19;Hypertension","Désintérêt / manque de motivation;Difficulté d’accès aux services de santé","Oui, un peu intéressé(e)","Vidéos courtes;Infographies / images;Articles longs","Addictions (alcool, tabac, drogues, réseaux sociaux);Santé sexuelle et reproductive;Hygiène et prévention des infections","Peut-être","A travers une organisation de journée porte ouverte "
"2025/10/19 10:10:51 PM UTC+1","35 ans et plus","Masculin","Bénin","Sans emploi / en recherche d’emploi","Oui, tous les jours","Facebook;Instagram;TikTok;YouTube;WhatsApp","VIH/Sida;Tuberculose;Paludisme;Hépatites virales (B, C);COVID-19;Hypertension;Diabète;Obésité;Cancers","Manque d’information;Coût élevé des soins;Difficulté d’accès aux services de santé","Oui, très intéressé(e)","Vidéos courtes;Infographies / images;Quiz interactifs / sondages;Podcasts","Alimentation et sport;Hypertension et maladies métaboliques;Addictions (alcool, tabac, drogues, réseaux sociaux);Santé sexuelle et reproductive;Hygiène et prévention des infections","Oui","Les vidéos coûte avec les artistes, les influenceurs, les hommes politiques. "
"2025/10/29 8:09:35 AM UTC+1","25 – 34 ans","Masculin","Bénin","Travailleur salarié","Oui, tous les jours","Facebook;Instagram;TikTok;YouTube;WhatsApp;Autres","VIH/Sida;Tuberculose;Paludisme;Hépatites virales (B, C);COVID-19;Hypertension;Diabète;Obésité;Cancers;PFA, rougeole, Fièvre jaunes, Fièvre lazare,choléra , pneumonie les ISTetc..","Manque d’information;Coût élevé des soins","Oui, très intéressé(e)","Vidéos courtes;Infographies / images;Podcasts","Alimentation et sport;Prévention des IST/VIH;Hypertension et maladies métaboliques;Addictions (alcool, tabac, drogues, réseaux sociaux);Santé sexuelle et reproductive;Hygiène et prévention des infections","Oui","Pas des vidéos coût,et audios."
"2025/10/29 8:27:23 PM UTC+1","18 – 24 ans","Féminin","Bénin","Sans emploi / en recherche d’emploi","Oui, tous les jours","Facebook;WhatsApp;Autres","VIH/Sida;Tuberculose;Paludisme;Hépatites virales (B, C);COVID-19;Hypertension;Diabète;Obésité;Cancers","Manque d’information;Coût élevé des soins;Difficulté d’accès aux services de santé","Oui, très intéressé(e)","Vidéos courtes;Infographies / images;Articles longs;Podcasts","Alimentation et sport;Hypertension et maladies métaboliques;Santé sexuelle et reproductive;Hygiène et prévention des infections","Oui","Par des vidéos courtes, des visuels attirants , et aussi des podcasts. "